date,product,sales,price,region,feature_1,feature_2
2024-01-01,Product D,3631,110.3,South,46,24.447890126056603
2024-01-02,Product E,4551,176.62,North,72,46.51411794243272
2024-01-03,Product C,3035,131.92,Central,31,17.266603732056428
2024-01-04,Product E,3976,108.93,West,79,23.801509763034815
2024-01-05,Product E,226,68.25,North,30,1.6704383232733742
2024-01-06,Product B,3277,69.94,Central,44,4.99833728023708
2024-01-07,Product C,3156,135.55,West,88,13.670987965604418
2024-01-08,Product C,703,198.86,East,14,2.3647598002326458
2024-01-09,Product C,3549,134.06,North,69,31.9373909763643
2024-01-10,Product E,4246,113.77,North,55,21.893519483279505
2024-01-11,Product D,3633,147.48,East,59,27.85911493367308
2024-01-12,Product C,3467,95.72,East,57,9.557712108920148
2024-01-13,Product E,3468,16.73,North,15,15.500669442394189
2024-01-14,Product B,3897,114.65,East,98,33.52739926778353
2024-01-15,Product D,1892,191.74,South,65,48.29983345788959
2024-01-16,Product B,2961,39.18,West,68,3.4704219065082507
2024-01-17,Product D,3576,139.55,West,38,44.628831721908035
2024-01-18,Product E,3517,44.18,West,80,29.267178864249214
2024-01-19,Product A,1745,109.49,South,86,28.632058771025562
2024-01-20,Product D,1305,23.85,East,27,25.513648225180255
2024-01-21,Product B,3130,92.82,Central,11,4.400310209304986
2024-01-22,Product E,2972,152.45,East,17,5.403965735071873
2024-01-23,Product D,3172,72.78,North,84,30.444688277295217
2024-01-24,Product A,1954,134.66,West,63,17.706970000342356
2024-01-25,Product A,4121,160.11,East,47,45.946135262306356
2024-01-26,Product C,4762,185.8,Central,57,20.922936330614142
2024-01-27,Product C,2808,50.76,North,36,8.020791476429412
2024-01-28,Product B,3602,82.87,South,29,36.021222841599766
2024-01-29,Product D,1432,34.72,South,21,15.374317650609482
2024-01-30,Product D,301,198.53,Central,52,26.748045060438766
2024-01-31,Product C,3607,185.77,North,70,35.19380648975333
2024-02-01,Product D,4312,110.29,West,40,45.11294144890145
2024-02-02,Product D,674,169.2,East,70,39.81736854528213
2024-02-03,Product A,636,106.59,North,83,34.14169232576348
2024-02-04,Product C,1725,126.6,South,76,34.30202593736204
2024-02-05,Product E,2222,22.38,Central,44,47.35030755757224
2024-02-06,Product C,485,152.28,Central,24,15.495380777330267
2024-02-07,Product E,3381,29.9,East,25,1.0544926156131829
2024-02-08,Product A,574,166.08,Central,22,14.325773410511735
2024-02-09,Product B,517,157.5,Central,44,11.676677601710455
2024-02-10,Product D,3700,143.21,North,84,33.42989467058591
2024-02-11,Product A,1054,12.05,West,68,32.051868388510925
2024-02-12,Product D,4958,64.11,East,30,30.079607752531466
2024-02-13,Product B,1305,56.31,North,63,1.7959287172632314
2024-02-14,Product B,4859,75.23,West,84,36.710124668081725
2024-02-15,Product A,4220,22.09,North,39,16.852990211789084
2024-02-16,Product B,2090,187.71,North,57,33.587743461324926
2024-02-17,Product E,4905,112.99,Central,44,28.272342996605513
2024-02-18,Product B,3672,64.58,West,95,17.793815345967452
2024-02-19,Product D,4480,82.41,East,47,7.59423708810128
2024-02-20,Product D,4258,92.2,East,40,5.626525985363567
2024-02-21,Product D,4857,122.12,West,87,41.74439832249895
2024-02-22,Product D,2813,105.56,Central,33,46.00147956199634
2024-02-23,Product E,2303,184.28,South,58,32.83961429145068
2024-02-24,Product C,3220,101.91,North,41,6.068271628163686
2024-02-25,Product A,1066,198.47,Central,64,20.699333627523796
2024-02-26,Product D,3532,171.03,West,88,36.718020805152705
2024-02-27,Product B,788,45.66,North,67,39.21122331649334
2024-02-28,Product D,4343,186.47,East,12,6.792712492263341
2024-02-29,Product B,3801,27.69,South,89,1.0015052234237385
2024-03-01,Product B,441,164.4,East,78,35.894715248149645
2024-03-02,Product D,1824,79.22,West,94,18.473212623324077
2024-03-03,Product E,4522,176.2,North,19,13.469585249294752
2024-03-04,Product B,1892,174.27,West,92,1.6319760196867465
2024-03-05,Product B,1859,162.16,North,34,27.474670931313483
2024-03-06,Product D,3312,159.06,Central,77,42.7063860358731
2024-03-07,Product B,1089,64.41,South,70,47.923950667356806
2024-03-08,Product B,2362,20.78,Central,38,28.721502580051173
2024-03-09,Product D,2582,83.58,Central,28,26.208605059254815
2024-03-10,Product D,1051,38.84,West,52,5.167762888972814
2024-03-11,Product A,822,140.52,South,75,27.894767275587387
2024-03-12,Product E,3489,72.49,North,83,19.618974869304335
2024-03-13,Product E,2179,195.24,North,70,30.74962876329527
2024-03-14,Product B,2817,129.99,East,52,20.04759104595079
2024-03-15,Product E,2432,165.38,North,34,12.77465704906797
2024-03-16,Product B,3476,30.84,West,29,5.653298486190448
2024-03-17,Product A,4624,173.09,Central,57,16.43100378485589
2024-03-18,Product D,1600,184.94,Central,92,5.735596880099862
2024-03-19,Product D,385,99.98,Central,96,9.667950590375213
2024-03-20,Product D,3595,123.22,South,33,49.37947177039775
2024-03-21,Product E,2165,154.14,North,20,22.76107428842431
2024-03-22,Product A,868,39.09,West,64,27.06171655874581
2024-03-23,Product E,3157,103.0,South,37,43.807307908123555
2024-03-24,Product E,4389,82.74,East,78,49.7828761240437
2024-03-25,Product A,2261,33.54,West,72,29.553008017889393
2024-03-26,Product A,3393,76.67,West,68,40.81121723116441
2024-03-27,Product A,1046,18.29,West,14,17.02011019249709
2024-03-28,Product A,3435,10.03,Central,60,15.981453914917264
2024-03-29,Product D,4250,31.36,West,30,20.73248232873345
2024-03-30,Product C,4995,192.81,North,21,33.95285587100881
2024-03-31,Product C,4973,112.16,West,59,34.42739277349984
2024-04-01,Product A,1581,193.34,Central,13,16.44673229782309
2024-04-02,Product C,2001,89.34,West,51,7.5272862826948055
2024-04-03,Product C,3551,65.8,East,93,31.98741656680992
2024-04-04,Product A,4164,103.7,East,47,7.287967247249461
2024-04-05,Product C,154,90.7,Central,34,29.346132903237173
2024-04-06,Product E,1923,25.6,North,23,34.97768427475914
2024-04-07,Product B,3562,129.96,North,84,35.32996332332813
2024-04-08,Product B,3179,47.13,South,41,37.92013342232024
2024-04-09,Product A,932,125.82,Central,20,43.77011165671756
2024-04-10,Product D,4508,131.79,West,70,25.497990606274634
2024-04-11,Product A,2906,34.64,Central,27,36.78221028694899
2024-04-12,Product D,2590,16.96,South,36,31.339464032926
2024-04-13,Product B,427,157.25,Central,64,10.145357050086446
2024-04-14,Product A,3410,94.66,Central,63,2.2587925986010005
2024-04-15,Product E,3400,16.34,South,91,14.942527898169754
2024-04-16,Product C,3775,199.0,North,96,22.708651610543352
2024-04-17,Product D,3154,16.27,West,84,31.23819127700416
2024-04-18,Product C,2243,140.53,South,30,42.64800719465706
2024-04-19,Product C,1411,196.82,East,53,10.616040118602116
2024-04-20,Product A,3291,51.64,North,14,7.151939705025377
2024-04-21,Product C,2638,32.74,East,96,48.21051742624205
2024-04-22,Product E,4083,28.67,North,50,6.294183409443948
2024-04-23,Product C,4647,64.14,West,68,24.44606243525227
2024-04-24,Product A,264,24.7,West,98,29.69262271087179
2024-04-25,Product E,4377,139.97,Central,63,27.527346624464474
2024-04-26,Product B,922,17.15,East,83,5.215575694614217
2024-04-27,Product C,1043,104.34,North,31,3.794318786177349
2024-04-28,Product A,4525,199.36,West,92,6.168687945590748
2024-04-29,Product B,874,163.72,South,74,29.693796509758013
2024-04-30,Product B,2298,124.97,West,73,27.672899494081733
2024-05-01,Product D,3256,64.72,South,80,12.453298809800469
2024-05-02,Product E,4342,126.66,North,13,32.250932950433985
2024-05-03,Product C,3795,107.77,West,74,41.18330760072682
2024-05-04,Product A,3552,88.09,West,24,3.0373690324830944
2024-05-05,Product D,1014,30.49,North,85,25.40836723385408
2024-05-06,Product E,1408,177.89,West,31,34.77621019303182
2024-05-07,Product D,4277,92.71,South,95,13.363284426414667
2024-05-08,Product E,613,42.95,West,56,16.080774359364305
2024-05-09,Product E,2020,76.71,East,90,31.068257246479806
2024-05-10,Product C,3694,85.76,Central,55,44.99882937874311
2024-05-11,Product E,4941,166.37,South,23,40.68629659484207
2024-05-12,Product D,1509,148.05,East,59,29.573380735879592
2024-05-13,Product E,4902,155.01,North,29,36.78086417010521
2024-05-14,Product C,4666,7.15,South,59,18.876301040182135
2024-05-15,Product C,3290,86.15,Central,42,32.407310876839134
2024-05-16,Product D,4591,98.86,Central,68,23.84289796525029
2024-05-17,Product B,1655,8.74,North,52,10.306870686420485
2024-05-18,Product B,904,55.66,North,88,35.3851754199856
2024-05-19,Product E,1379,153.26,South,21,28.266767230092277
2024-05-20,Product A,3677,31.74,West,49,18.57245751572598
2024-05-21,Product E,3001,109.39,North,29,45.65562031385291
2024-05-22,Product D,1487,46.96,West,47,2.02577177350993
2024-05-23,Product D,4788,7.36,East,12,16.472884411225305
2024-05-24,Product D,2861,52.03,Central,37,3.7871884911046814
2024-05-25,Product D,2779,195.3,West,65,38.55983849485973
2024-05-26,Product D,2206,161.3,Central,99,35.40326525157584
2024-05-27,Product C,4323,192.12,West,22,17.236258718079537
2024-05-28,Product B,4931,100.13,East,86,34.10748220814658
2024-05-29,Product D,2868,26.4,North,75,20.40092408360154
2024-05-30,Product A,4053,111.85,East,46,38.056435779699285
2024-05-31,Product A,3286,93.6,North,58,23.254999474098597
2024-06-01,Product A,3380,169.65,North,75,21.20170666375161
2024-06-02,Product A,2673,24.13,Central,45,46.80176585892675
2024-06-03,Product C,4716,100.21,East,63,13.29307589464431
2024-06-04,Product A,2699,34.26,West,35,6.901919659831706
2024-06-05,Product D,4133,68.31,East,84,29.64261254971345
2024-06-06,Product E,336,148.78,Central,81,48.496768801924766
2024-06-07,Product A,1404,97.82,North,49,19.514121472632144
2024-06-08,Product C,3530,78.3,Central,52,4.039801417810295
2024-06-09,Product C,1401,81.92,South,31,17.625958098168805
2024-06-10,Product A,2641,94.59,South,29,25.790651061658362
2024-06-11,Product E,2151,158.08,West,17,8.934227324978472
2024-06-12,Product A,541,178.96,Central,38,33.24700868476811
2024-06-13,Product C,2176,191.29,West,49,49.88972006149983
2024-06-14,Product B,3280,158.45,West,99,23.135234323090746
2024-06-15,Product D,2757,66.5,South,39,18.38169927978042
2024-06-16,Product C,3898,139.19,West,90,20.634504174888864
2024-06-17,Product A,904,90.33,South,93,6.642162741364856
2024-06-18,Product D,174,54.66,North,64,44.280406469884966
2024-06-19,Product A,2275,168.97,Central,25,21.326457120546248
2024-06-20,Product A,4024,12.49,West,55,19.976446159817225
2024-06-21,Product B,2189,180.84,South,71,33.32482337359324
2024-06-22,Product D,140,94.99,East,16,22.659637625625052
2024-06-23,Product D,2181,129.25,West,89,32.76343997158446
2024-06-24,Product B,4783,133.57,North,54,4.010868216408587
2024-06-25,Product C,1722,179.55,North,68,40.872443842389146
2024-06-26,Product A,441,129.15,East,65,47.08469369109073
2024-06-27,Product E,4152,124.72,South,57,32.78950392180991
2024-06-28,Product A,2174,18.0,West,36,47.77373051408173
2024-06-29,Product A,745,106.09,South,62,8.420183404128203
2024-06-30,Product C,4926,34.28,North,96,24.393393284537332
2024-07-01,Product A,4363,148.8,South,97,30.488529963326915
2024-07-02,Product B,709,104.88,North,82,29.50509572363815
2024-07-03,Product B,554,137.64,South,44,20.671627175363117
2024-07-04,Product D,3053,13.13,East,60,17.566136058946807
2024-07-05,Product E,1808,21.53,Central,93,7.214377104970521
2024-07-06,Product A,3572,144.68,East,46,20.195380077551633
2024-07-07,Product A,3069,19.06,East,90,8.970379940168772
2024-07-08,Product C,3128,18.9,Central,66,36.983918148118704
2024-07-09,Product B,4897,7.36,Central,17,11.232715839234908
2024-07-10,Product E,2781,191.52,West,88,3.869699958942159
2024-07-11,Product D,3729,148.81,West,29,28.065940753044483
2024-07-12,Product B,4325,73.88,East,62,30.16625690325068
2024-07-13,Product D,3167,62.82,East,21,43.72374000274477
2024-07-14,Product C,1486,73.19,North,58,29.272099008466412
2024-07-15,Product C,3876,156.06,North,26,17.92856183244884
2024-07-16,Product A,2966,133.97,West,73,40.34758219478971
2024-07-17,Product E,4888,41.11,West,51,27.473665766183633
2024-07-18,Product D,3463,38.95,North,38,4.884733946928396
2024-07-19,Product B,4989,24.19,North,28,28.726677455349087
2024-07-20,Product C,4224,133.76,South,20,45.49290872566146
2024-07-21,Product A,248,154.05,South,59,20.41931864941281
2024-07-22,Product A,3950,56.68,North,80,15.519964293090203
2024-07-23,Product D,2158,9.08,South,67,8.030003393882982
2024-07-24,Product C,1236,21.02,Central,43,8.420830574832507
2024-07-25,Product E,286,193.73,West,29,22.205802732749127
2024-07-26,Product C,2954,62.61,West,59,30.188311383914947
2024-07-27,Product D,1350,155.0,North,97,4.950154853310486
2024-07-28,Product D,1433,126.81,East,19,47.03886086223312
2024-07-29,Product C,4293,79.48,North,41,38.0015472548146
2024-07-30,Product D,4250,45.11,South,61,29.74457199589947
2024-07-31,Product C,2811,28.67,East,24,41.59349487601055
2024-08-01,Product B,4953,124.93,South,93,4.929151083793551
2024-08-02,Product C,4601,156.05,Central,12,24.365105008923095
2024-08-03,Product C,1885,130.56,South,46,31.874563216221507
2024-08-04,Product D,850,108.41,Central,49,41.60399239979617
2024-08-05,Product D,1862,13.18,Central,81,39.39000844241412
2024-08-06,Product A,4020,193.86,South,49,14.576393235956582
2024-08-07,Product A,4560,160.75,South,65,47.10312830840101
2024-08-08,Product B,581,62.1,Central,32,7.092946230112648
2024-08-09,Product A,253,196.09,East,20,43.88154731243645
2024-08-10,Product C,1624,122.37,Central,73,48.57607223062631
2024-08-11,Product D,2220,118.57,West,17,9.680522637908652
2024-08-12,Product A,2443,150.87,Central,65,36.38123714598548
2024-08-13,Product A,1340,163.3,East,69,2.9739904201219245
2024-08-14,Product B,160,133.01,West,19,20.865718431818593
2024-08-15,Product B,1038,29.98,North,48,26.297881660686027
2024-08-16,Product C,1739,70.96,North,37,29.45161606957207
2024-08-17,Product D,4220,185.98,East,58,46.86092516417941
2024-08-18,Product B,4326,48.8,Central,45,33.940283677415536
2024-08-19,Product A,3669,77.57,South,22,24.58261960974261
2024-08-20,Product D,1352,89.25,East,45,40.674076777028574
2024-08-21,Product D,4303,90.68,West,35,47.57610822676604
2024-08-22,Product A,271,124.52,West,95,2.0812412854322515
2024-08-23,Product B,1558,188.9,North,13,49.1435423405459
2024-08-24,Product A,3649,51.94,West,91,5.220474814120337
2024-08-25,Product D,4297,28.69,East,73,40.904952184169304
2024-08-26,Product E,2422,43.51,West,47,14.736402875019213
2024-08-27,Product E,1736,177.95,East,97,7.476803229939716
2024-08-28,Product C,3215,130.93,South,96,22.55292634597791
2024-08-29,Product A,4190,60.75,North,31,32.55387239293306
2024-08-30,Product A,3104,164.11,West,11,19.666640406150275
2024-08-31,Product C,429,172.97,East,40,3.673705005852249
2024-09-01,Product C,3740,170.07,Central,20,30.373595843277116
2024-09-02,Product C,3994,184.19,North,55,45.21776052942306
2024-09-03,Product D,4207,54.19,South,71,19.777552931415332
2024-09-04,Product A,1441,152.23,East,78,11.600306103910524
2024-09-05,Product D,3763,94.81,South,73,22.686289950707955
2024-09-06,Product C,315,169.19,South,19,3.3697728413902626
2024-09-07,Product A,438,147.06,West,49,41.20389163953347
2024-09-08,Product D,4162,156.41,West,33,41.49069973655915
2024-09-09,Product D,2808,132.95,East,53,29.812022708051792
2024-09-10,Product C,3252,39.6,Central,69,18.302041557981084
2024-09-11,Product A,1850,111.28,East,71,40.189384857843386
2024-09-12,Product C,2521,197.01,Central,96,28.17966421462999
2024-09-13,Product A,809,187.79,South,26,41.470683118950795
2024-09-14,Product E,3826,13.42,North,74,31.94148083656801
2024-09-15,Product B,3742,37.14,East,66,39.43586818742707
2024-09-16,Product B,4093,30.69,East,64,30.329586667670238
2024-09-17,Product B,588,146.57,Central,62,21.292912342567643
2024-09-18,Product C,146,164.47,South,65,47.93934713638074
2024-09-19,Product E,3459,46.63,South,18,27.514577419063393
2024-09-20,Product A,4973,103.64,Central,31,30.649386408486382
2024-09-21,Product D,4906,168.94,South,22,11.803894331322713
2024-09-22,Product A,500,147.9,West,98,31.656888681936547
2024-09-23,Product D,4090,110.74,North,57,29.008774824664247
2024-09-24,Product A,3257,120.12,East,27,10.057081499404223
2024-09-25,Product E,4445,104.13,North,85,3.919767770304042
2024-09-26,Product D,490,63.02,East,49,30.613606666023784
2024-09-27,Product C,3953,115.18,West,26,38.42092119816571
2024-09-28,Product A,4530,139.33,South,24,26.646667175178404
2024-09-29,Product A,728,175.3,Central,24,12.11185864066264
2024-09-30,Product D,4332,129.08,West,88,33.65957685795871
2024-10-01,Product C,3030,153.42,North,72,4.92518060387051
2024-10-02,Product C,1621,36.21,Central,48,22.649851535295777
2024-10-03,Product E,926,95.0,South,22,9.004971161522588
2024-10-04,Product C,4922,6.82,West,90,10.038493501934285
2024-10-05,Product C,1600,53.1,Central,41,10.912403508751979
2024-10-06,Product C,3394,146.66,West,18,19.948645795154917
2024-10-07,Product B,2519,198.4,West,49,3.506360075399484
2024-10-08,Product E,1034,24.34,South,29,20.491878605525812
2024-10-09,Product A,3142,83.29,East,99,26.07366490862034
2024-10-10,Product D,4597,161.01,Central,94,24.681419963349935
2024-10-11,Product A,1566,44.79,South,91,19.756420919748987
2024-10-12,Product E,3661,113.24,West,86,42.11818379546687
2024-10-13,Product D,714,147.95,South,89,8.121007928604701
2024-10-14,Product E,1282,125.12,East,82,25.779140445287325
2024-10-15,Product C,3323,41.66,Central,72,4.040029430871161
2024-10-16,Product D,2767,74.3,East,85,4.486628265017577
2024-10-17,Product C,230,157.84,North,53,29.11942663417772
2024-10-18,Product A,3083,113.07,Central,47,28.734902819503226
2024-10-19,Product A,4378,6.02,East,92,44.02364212937839
2024-10-20,Product D,4559,153.39,West,69,28.335810107343587
2024-10-21,Product D,138,11.89,Central,80,48.02975999983766
2024-10-22,Product E,4059,150.42,Central,57,3.3860475715965586
2024-10-23,Product E,3687,44.48,South,27,5.802376554256313
2024-10-24,Product C,1020,191.82,West,25,3.1592272169486884
2024-10-25,Product D,2869,76.75,North,64,10.078565666343462
2024-10-26,Product A,4211,68.75,East,48,27.52223543614223
2024-10-27,Product E,592,34.03,South,77,32.63303688994397
2024-10-28,Product E,1231,64.59,East,68,3.233672739484771
2024-10-29,Product A,3621,175.95,North,98,47.35257360243437
2024-10-30,Product E,410,199.29,North,71,42.266103455868674
2024-10-31,Product C,838,76.82,Central,22,15.534011625697563
2024-11-01,Product D,3341,92.48,North,90,4.78218898109693
2024-11-02,Product A,645,145.8,East,15,9.324466587733806
2024-11-03,Product D,2561,177.81,West,92,7.220276273993661
2024-11-04,Product E,4446,120.64,West,86,7.040905185648396
2024-11-05,Product E,4954,81.35,Central,69,26.40952274462096
2024-11-06,Product A,1904,85.46,East,99,13.046524682176614
2024-11-07,Product C,3312,140.65,East,23,18.54884610992808
2024-11-08,Product B,3910,5.63,North,63,49.4857613358318
2024-11-09,Product A,913,125.82,East,13,34.53139819734189
2024-11-10,Product B,4224,74.32,South,48,47.50005268530307
2024-11-11,Product B,2132,159.87,North,81,7.985271196622664
2024-11-12,Product C,4672,23.13,South,34,19.724834266795895
2024-11-13,Product B,4513,119.7,Central,86,28.18185836083536
2024-11-14,Product B,344,98.79,West,41,4.761145032548162
2024-11-15,Product C,4943,130.25,Central,68,1.2051847377699354
2024-11-16,Product B,4892,17.65,West,72,33.85128235604896
2024-11-17,Product B,371,118.1,Central,47,32.44915632327033
2024-11-18,Product B,3611,114.49,East,62,21.128651689980977
2024-11-19,Product A,1871,114.33,South,76,24.9925597255696
2024-11-20,Product A,1362,122.68,West,37,21.35670702901239
2024-11-21,Product A,2524,136.91,North,12,2.176247197399554
2024-11-22,Product C,4461,161.97,South,89,17.43320870465566
2024-11-23,Product E,1020,57.62,North,31,9.677030514467202
2024-11-24,Product B,3530,165.88,South,47,5.8227852659670685
2024-11-25,Product B,4535,102.16,South,81,47.87930126057814
2024-11-26,Product C,4584,20.03,Central,81,30.368626527066116
2024-11-27,Product B,2724,16.42,West,71,36.70415792759353
2024-11-28,Product A,3860,70.18,West,66,16.452823420039756
2024-11-29,Product E,2150,158.05,South,15,20.264209345206744
2024-11-30,Product D,3600,143.0,East,87,12.60927570093945
2024-12-01,Product B,1265,158.78,East,41,5.751317877305812
2024-12-02,Product A,475,105.87,North,19,9.772550234637606
2024-12-03,Product D,2133,90.84,North,12,40.0781882195278
2024-12-04,Product E,245,33.75,Central,68,34.199744454005014
2024-12-05,Product D,4488,69.0,South,85,27.799514923288367
2024-12-06,Product A,531,89.63,North,58,24.279403770471635
2024-12-07,Product D,804,22.28,North,68,46.1992798991501
2024-12-08,Product C,2732,48.02,South,40,4.564012441154752
2024-12-09,Product D,4594,121.65,Central,78,14.749439848657882
2024-12-10,Product B,1063,148.45,North,71,18.14695482496499
2024-12-11,Product B,2334,199.68,Central,61,39.338864798426606
2024-12-12,Product C,2141,186.96,West,98,49.63321638793659
2024-12-13,Product A,1928,130.3,Central,50,12.7928552231005
2024-12-14,Product B,2208,87.14,East,40,43.84105937271695
2024-12-15,Product E,4168,129.05,East,94,41.700515261157776
2024-12-16,Product B,1038,158.2,Central,93,12.008212484446565
2024-12-17,Product B,4905,28.08,East,31,20.567296429761907
2024-12-18,Product A,906,84.93,West,13,21.073970595333435
2024-12-19,Product D,1563,168.76,South,22,48.93281275780136
2024-12-20,Product B,3515,79.85,East,54,9.863703167566017
2024-12-21,Product C,110,116.52,East,51,40.15874058413432
2024-12-22,Product D,1968,119.62,Central,58,17.375442994482388
2024-12-23,Product E,4967,40.97,West,29,36.81264694303186
2024-12-24,Product A,984,75.64,South,86,21.58053921048748
2024-12-25,Product E,3664,70.23,Central,90,29.339628392710463
2024-12-26,Product D,1489,10.11,Central,63,41.79797689298042
2024-12-27,Product D,3501,9.72,West,45,40.404112684210325
2024-12-28,Product D,4421,167.18,South,10,43.45473599344531
2024-12-29,Product E,924,58.25,West,24,3.921248941888292
2024-12-30,Product D,2365,106.03,South,86,34.910477098947496
2024-12-31,Product E,1036,63.25,West,26,7.85938145936638
2025-01-01,Product D,2900,188.43,Central,33,21.37510983290214
2025-01-02,Product C,2653,55.56,Central,67,27.880832337679735
2025-01-03,Product D,3945,88.78,North,81,20.734234752594705
2025-01-04,Product E,1896,175.18,East,32,26.460972114347367
2025-01-05,Product B,153,169.18,West,55,49.82978913113234
2025-01-06,Product D,826,41.29,North,81,7.6256483719298815
2025-01-07,Product B,2836,161.52,East,17,34.097346221484855
2025-01-08,Product C,3270,94.35,West,68,20.404047352895144
2025-01-09,Product A,2013,99.18,South,99,7.517480146459111
2025-01-10,Product C,1696,31.03,East,68,8.778101405341168
2025-01-11,Product D,2014,20.72,Central,22,47.51438220603523
2025-01-12,Product B,2566,146.95,North,48,44.10047333887634
2025-01-13,Product B,2837,101.81,East,37,45.44505606033607
2025-01-14,Product E,949,90.19,East,98,49.58510601554194
2025-01-15,Product B,2209,147.25,Central,70,11.20745411041738
2025-01-16,Product E,102,154.28,West,25,18.416527530839026
2025-01-17,Product A,4355,35.99,South,11,33.79173246631847
2025-01-18,Product D,4169,123.99,Central,91,24.706324453171714
2025-01-19,Product E,4976,31.39,South,26,21.50108713553834
2025-01-20,Product A,992,151.52,West,39,18.53275121744406
2025-01-21,Product B,2130,133.11,East,22,30.09525096522916
2025-01-22,Product B,3260,191.54,South,91,29.204078003364017
2025-01-23,Product A,2476,18.45,North,22,8.911433869147764
2025-01-24,Product B,4775,16.13,North,52,24.115252038403515
2025-01-25,Product A,2033,60.03,Central,94,28.120117034282643
2025-01-26,Product E,1480,56.03,West,30,28.94405999783813
2025-01-27,Product E,3781,53.16,Central,64,11.295252452705238
2025-01-28,Product A,1390,181.72,Central,90,37.37129822036205
2025-01-29,Product E,1740,53.66,Central,49,2.2347556462324123
2025-01-30,Product E,2782,58.03,North,92,18.38676092161497
2025-01-31,Product E,1087,153.08,North,24,39.230419778246045
2025-02-01,Product C,1318,92.7,Central,82,28.630753131714716
2025-02-02,Product D,1455,156.46,North,61,13.796959193032151
2025-02-03,Product B,4365,17.75,West,83,35.052702847809336
2025-02-04,Product C,4716,100.08,Central,62,28.802156263647596
2025-02-05,Product E,4235,11.55,North,96,40.015936863362974
2025-02-06,Product A,1660,17.22,South,61,37.016234123301345
2025-02-07,Product E,1518,181.76,Central,39,30.8952881797755
2025-02-08,Product D,1054,32.15,Central,42,24.92070609022989
2025-02-09,Product E,1083,108.82,West,66,7.525924157708647
2025-02-10,Product A,1074,85.16,East,61,13.805317876383805
2025-02-11,Product D,4233,72.73,East,18,21.535874172937177
2025-02-12,Product E,4072,180.47,West,63,30.365665063313045
2025-02-13,Product D,1013,9.26,West,10,26.171684905549935
2025-02-14,Product B,4649,134.44,West,53,15.121041772016945
2025-02-15,Product B,136,192.86,East,84,1.316753531695817
2025-02-16,Product E,3487,114.23,West,89,25.315721873139882
2025-02-17,Product D,1811,187.68,North,18,14.995673439549911
2025-02-18,Product A,3120,15.19,Central,41,36.99580673481622
2025-02-19,Product E,895,86.66,Central,24,2.173366998253691
2025-02-20,Product B,4136,55.73,South,21,29.656562753983753
2025-02-21,Product B,4788,147.51,South,87,47.1322376377972
2025-02-22,Product E,3211,196.35,Central,66,9.546054088463476
2025-02-23,Product D,1424,55.02,North,17,24.110825046779173
2025-02-24,Product B,417,132.56,East,81,5.47967759903977
2025-02-25,Product D,2496,43.63,East,36,31.65841370080628
2025-02-26,Product B,2262,115.24,North,71,27.976052349215053
2025-02-27,Product B,2845,95.47,East,21,20.960910686428786
2025-02-28,Product C,1691,194.54,West,74,26.547474052213317
2025-03-01,Product B,3211,123.66,Central,51,44.932158264981496
2025-03-02,Product A,4030,73.15,Central,71,10.618420813242285
2025-03-03,Product E,2096,27.25,North,20,2.1056610735620147
2025-03-04,Product E,1412,34.49,East,52,43.22157935025595
2025-03-05,Product D,1385,48.94,South,26,29.278737037007417
2025-03-06,Product B,4411,53.94,South,41,44.64226431763028
2025-03-07,Product A,2483,170.87,East,94,30.250315947245458
2025-03-08,Product D,3339,114.44,South,94,40.69789340802542
2025-03-09,Product C,2239,107.06,North,49,22.05399480440225
2025-03-10,Product D,1804,27.38,North,32,37.74313663312517
2025-03-11,Product D,462,172.73,East,65,45.73903187760294
2025-03-12,Product B,2704,145.95,South,15,29.03402522238811
2025-03-13,Product C,1816,18.2,North,95,9.858472377556597
2025-03-14,Product D,4551,143.03,North,59,14.17108313647971
2025-03-15,Product A,4386,110.99,West,46,10.733584267972883
2025-03-16,Product A,3838,20.94,West,73,13.095994352190912
2025-03-17,Product E,2569,94.37,North,63,16.014357018200784
2025-03-18,Product C,4895,99.52,East,81,28.201555550906235
2025-03-19,Product C,656,37.33,Central,58,29.811589843727806
2025-03-20,Product E,925,189.41,Central,20,21.898487614851195
2025-03-21,Product D,2908,170.75,North,97,31.155618211220936
2025-03-22,Product C,4621,135.46,North,58,4.99717135495693
2025-03-23,Product A,2819,95.15,North,30,5.301623615849838
2025-03-24,Product A,3608,85.29,East,75,9.419643557525264
2025-03-25,Product B,3841,131.94,West,72,26.38579740397689
2025-03-26,Product C,1674,111.36,North,92,11.485739256217364
2025-03-27,Product D,4098,17.14,North,37,14.88093577113629
2025-03-28,Product E,2229,104.94,South,26,20.61532897247671
2025-03-29,Product E,2503,162.25,East,15,40.78144007650861
2025-03-30,Product D,3429,94.55,North,28,1.6792446597301458
2025-03-31,Product B,688,15.13,South,65,32.8195621915945
2025-04-01,Product E,2112,158.32,Central,37,33.77495002099358
2025-04-02,Product C,1647,44.27,North,75,40.13413323747519
2025-04-03,Product B,394,55.43,North,47,46.70489401395535
2025-04-04,Product C,2085,37.12,South,46,1.9867545985152015
2025-04-05,Product A,3217,69.39,East,77,8.535401570147593
2025-04-06,Product B,1790,152.57,North,95,44.42239340874366
2025-04-07,Product E,1236,106.28,Central,99,23.467409547163754
2025-04-08,Product B,2164,44.95,North,58,28.664941307739713
2025-04-09,Product B,4555,176.18,Central,52,33.48833298243422
2025-04-10,Product B,4895,176.52,West,45,34.274263620286234
2025-04-11,Product B,4643,174.76,West,67,46.655279762508904
2025-04-12,Product C,4870,51.57,Central,22,49.850521453171815
2025-04-13,Product A,1107,92.99,East,61,36.28771558561607
2025-04-14,Product D,2614,197.07,North,67,15.07383925105239
2025-04-15,Product B,3626,155.54,North,41,44.10786771242284
2025-04-16,Product E,4781,10.3,West,90,3.4118248124973185
2025-04-17,Product B,1347,17.71,Central,69,12.322961790850314
2025-04-18,Product E,4002,95.47,North,92,44.971900155722025
2025-04-19,Product C,1535,182.3,North,67,13.553384207528392
2025-04-20,Product E,671,110.05,East,65,11.811901921465674
2025-04-21,Product D,2482,102.07,South,37,7.768139363872114
2025-04-22,Product A,1345,25.57,West,10,43.09647612469891
2025-04-23,Product E,2184,133.07,West,51,25.502854700363248
2025-04-24,Product E,377,165.31,South,91,34.069766949653584
2025-04-25,Product A,1987,79.18,North,57,12.714252819676453
2025-04-26,Product D,4679,156.24,East,49,38.14398062954961
2025-04-27,Product B,1365,193.07,East,72,38.240271703142824
2025-04-28,Product E,4926,44.73,West,85,16.31730322050671
2025-04-29,Product A,1140,107.05,East,81,21.12344901750386
2025-04-30,Product C,1017,60.99,South,97,11.274823594079843
2025-05-01,Product A,985,159.61,North,89,48.85149014282231
2025-05-02,Product C,2852,117.63,South,13,32.63452627586217
2025-05-03,Product D,121,128.74,Central,47,46.79265015506026
2025-05-04,Product B,4669,160.59,West,36,15.865891637827525
2025-05-05,Product A,3291,82.21,East,18,39.3126547368476
2025-05-06,Product E,2453,183.44,Central,25,38.527073550352355
2025-05-07,Product D,4899,108.94,East,65,34.891126941460534
2025-05-08,Product A,786,35.8,North,85,48.31630978807322
2025-05-09,Product E,384,140.7,North,40,20.284211469209463
2025-05-10,Product A,4911,159.69,North,97,7.405148855898108
2025-05-11,Product C,3847,66.77,East,23,33.913734102958976
2025-05-12,Product A,862,172.15,Central,34,36.7361802233831
2025-05-13,Product A,2528,181.7,North,43,29.17796809948192
2025-05-14,Product A,2607,59.0,Central,76,11.134076763536417
2025-05-15,Product D,128,196.79,East,33,25.718341141798412
2025-05-16,Product A,1006,32.44,Central,82,16.29729709188734
2025-05-17,Product E,3204,44.39,East,35,21.945859880167763
2025-05-18,Product C,4099,40.92,East,29,32.615710216388536
2025-05-19,Product C,3094,179.33,West,73,37.515522391850894
2025-05-20,Product A,2606,132.59,East,19,12.379009854165814
2025-05-21,Product D,4765,34.66,East,92,20.860942671700712
2025-05-22,Product D,3709,90.86,South,76,14.18891697858983
2025-05-23,Product E,3653,124.98,North,33,10.732949079231586
2025-05-24,Product A,1553,21.28,West,14,39.38597377979608
2025-05-25,Product C,4933,177.07,West,76,45.55338202741263
2025-05-26,Product D,3456,161.7,West,67,19.14137709854426
2025-05-27,Product A,615,103.52,South,36,37.81266729431458
2025-05-28,Product D,138,193.59,East,89,44.952769178856144
2025-05-29,Product D,3442,86.46,North,24,42.46008631598135
2025-05-30,Product C,986,196.9,Central,44,9.957856038422069
2025-05-31,Product B,2944,135.24,East,85,47.8583021941547
2025-06-01,Product E,2304,128.76,South,62,19.45714558104366
2025-06-02,Product E,1198,37.36,East,53,17.62279239751798
2025-06-03,Product C,1923,176.98,East,35,4.059135036611236
2025-06-04,Product D,3301,88.36,South,56,24.822509051139267
2025-06-05,Product A,3255,36.64,West,43,6.341667166405506
2025-06-06,Product D,3193,7.46,West,96,13.178451225443874
2025-06-07,Product C,3630,114.15,North,59,16.53018846659679
2025-06-08,Product E,3878,107.84,North,93,40.632489851092515
2025-06-09,Product D,2996,145.27,West,21,43.89894386939893
2025-06-10,Product E,3553,178.6,Central,96,15.820849555612014
2025-06-11,Product A,3611,20.48,East,13,43.07620794098412
2025-06-12,Product E,1088,147.64,Central,96,43.00431593111976
2025-06-13,Product E,4216,41.55,East,57,38.467896568858805
2025-06-14,Product B,4126,172.34,West,64,8.188060586743894
2025-06-15,Product B,4279,164.72,North,10,34.82581949813572
2025-06-16,Product B,1782,110.45,North,98,47.30617916444787
2025-06-17,Product E,4765,143.5,Central,75,34.4444834595907
2025-06-18,Product C,4063,66.3,North,39,17.249225606283865
2025-06-19,Product E,1033,96.88,West,12,25.52838655411073
2025-06-20,Product C,3698,165.22,Central,30,32.640527124201625
2025-06-21,Product C,3333,94.56,East,98,26.017950027696674
2025-06-22,Product B,2080,74.77,North,93,6.8776941448175215
2025-06-23,Product D,1955,101.37,South,58,16.29113818794901
2025-06-24,Product A,3156,166.51,North,95,40.31740549712799
2025-06-25,Product B,892,70.37,East,94,43.209484258680355
2025-06-26,Product B,891,38.88,Central,71,7.7277016030629415
2025-06-27,Product D,1909,143.84,East,47,47.66695086753751
2025-06-28,Product A,2355,166.07,South,24,17.112308274581856
2025-06-29,Product E,3710,24.62,West,61,33.45337319780528
2025-06-30,Product E,1707,51.78,North,88,37.839432151877375
2025-07-01,Product B,1084,32.68,Central,55,40.78536549725629
2025-07-02,Product A,3776,72.85,West,34,47.34173540907058
2025-07-03,Product B,3480,92.82,East,30,16.333057853412306
2025-07-04,Product C,619,151.02,Central,97,43.06681627302617
2025-07-05,Product B,690,131.97,West,14,7.452658268374145
2025-07-06,Product B,1150,126.08,Central,79,35.54700441132604
2025-07-07,Product E,3733,73.71,South,56,37.35690874618531
2025-07-08,Product E,4544,169.08,South,96,34.2084388188647
2025-07-09,Product E,1059,96.9,North,77,13.363422070622496
2025-07-10,Product C,792,195.93,North,27,43.77911420374497
2025-07-11,Product E,3999,128.66,South,30,9.274064705149355
2025-07-12,Product A,4573,29.62,Central,95,3.628104784520711
2025-07-13,Product D,3046,136.85,South,32,36.1557845399837
2025-07-14,Product A,626,68.4,North,73,24.29831004640395
2025-07-15,Product A,3324,138.83,South,76,42.605802977975124
2025-07-16,Product E,2353,18.58,South,49,19.78645991185469
2025-07-17,Product D,3444,39.1,Central,19,9.245650836877928
2025-07-18,Product D,4065,171.87,West,98,41.985667431023614
2025-07-19,Product D,1975,49.3,North,61,27.896571950363512
2025-07-20,Product C,1863,168.22,Central,81,10.270593827127389
2025-07-21,Product E,620,59.46,South,84,36.29881593073584
2025-07-22,Product D,1116,130.36,South,70,26.044568285985527
2025-07-23,Product C,216,140.36,West,73,30.611336129775673
2025-07-24,Product B,2533,104.97,North,14,23.584018572122513
2025-07-25,Product B,683,64.54,North,62,41.60674020708231
2025-07-26,Product C,494,46.47,East,64,41.648573068469446
2025-07-27,Product C,3888,11.47,North,46,35.760052269394926
2025-07-28,Product E,2868,64.27,West,65,6.164667492426651
2025-07-29,Product E,4267,132.37,East,68,42.103839233299375
2025-07-30,Product B,3960,187.97,East,78,33.87963604611258
2025-07-31,Product D,373,174.88,South,82,35.154184134210674
2025-08-01,Product B,2113,154.38,South,68,18.78615917978971
2025-08-02,Product D,4533,158.75,North,11,44.084698251693325
2025-08-03,Product D,1489,134.67,East,74,36.54320841150802
2025-08-04,Product E,3666,55.76,South,69,6.516932859930529
2025-08-05,Product A,4802,181.9,West,60,20.98112368590197
2025-08-06,Product A,265,135.79,South,39,44.43263773604694
2025-08-07,Product C,1667,114.29,South,20,3.3126383831715707
2025-08-08,Product E,828,26.64,East,85,48.10941436246043
2025-08-09,Product D,2143,92.18,East,48,34.278965847658576
2025-08-10,Product A,4297,94.77,Central,99,31.937422904525455
2025-08-11,Product D,3596,173.59,West,86,14.25740356791158
2025-08-12,Product A,878,111.6,East,81,13.190797648219677
2025-08-13,Product A,313,79.18,North,72,47.160852754941175
2025-08-14,Product A,3862,195.48,West,73,15.615350257472015
2025-08-15,Product E,1676,26.59,West,70,38.99975953923097
2025-08-16,Product B,2548,87.4,East,63,20.26296811214688
2025-08-17,Product D,3036,13.19,West,82,7.8234494684504945
2025-08-18,Product E,3217,149.28,East,67,1.5250495870725884
2025-08-19,Product E,691,184.02,South,94,27.66860951374729
2025-08-20,Product E,2820,59.61,Central,65,48.8131621088977
2025-08-21,Product E,813,172.38,South,43,19.08767349665102
2025-08-22,Product E,1035,61.98,East,40,18.5024243656592
2025-08-23,Product C,4437,182.6,East,61,17.860489274622662
2025-08-24,Product D,101,152.02,South,98,26.506648027938063
2025-08-25,Product E,2948,161.96,North,85,22.592579287790382
2025-08-26,Product D,4144,8.51,North,10,44.11581670962371
2025-08-27,Product C,2049,192.75,North,64,25.770518794451025
2025-08-28,Product C,1017,146.7,East,31,25.88013407123987
2025-08-29,Product D,3274,64.43,West,49,7.7802081413072735
2025-08-30,Product A,2341,166.73,East,10,49.154237504608915
2025-08-31,Product B,189,59.9,West,74,13.248671652572654
2025-09-01,Product A,1809,175.19,South,72,4.59483930552053
2025-09-02,Product A,2269,26.95,Central,63,33.494166199785234
2025-09-03,Product A,4338,142.22,West,51,30.17295213768676
2025-09-04,Product E,3141,110.44,North,30,21.34213704564454
2025-09-05,Product C,205,23.82,East,88,21.687419460153226
2025-09-06,Product A,986,52.17,South,90,39.46813213127513
2025-09-07,Product C,527,7.42,North,31,10.589919364882803
2025-09-08,Product D,1995,96.41,South,47,41.1924126282996
2025-09-09,Product B,416,63.75,Central,89,32.78860858085589
2025-09-10,Product D,734,121.68,East,17,21.529518915196693
2025-09-11,Product D,2025,62.96,East,71,23.443402212609563
2025-09-12,Product E,2156,63.48,Central,56,13.575713152118693
2025-09-13,Product B,3244,149.92,East,26,37.853602302151764
2025-09-14,Product D,2370,14.39,West,26,26.13086237295812
2025-09-15,Product D,1539,181.06,South,99,16.721872594742337
2025-09-16,Product B,652,171.19,North,22,30.206455672286562
2025-09-17,Product B,815,135.22,Central,26,49.79098815051483
2025-09-18,Product D,4011,120.68,West,47,22.327851703171138
2025-09-19,Product B,1813,179.0,North,90,46.11387863815236
2025-09-20,Product D,3489,41.14,North,87,17.905825156303738
2025-09-21,Product D,1207,20.4,Central,54,3.681902639324308
2025-09-22,Product E,4306,51.7,West,15,11.007863212053016
2025-09-23,Product A,350,159.94,North,44,21.516062023056527
2025-09-24,Product D,2530,11.76,North,23,11.762111501133882
2025-09-25,Product C,2154,118.65,West,81,1.0111248726945212
2025-09-26,Product A,558,199.11,East,70,45.83507534962884
2025-09-27,Product A,307,171.86,North,24,42.35009115031552
2025-09-28,Product A,999,106.68,South,63,37.37231934286041
2025-09-29,Product E,3561,17.41,West,36,9.222915186655403
2025-09-30,Product D,3485,167.12,North,22,6.897815234289316
2025-10-01,Product E,121,121.8,Central,40,4.312632724146774
2025-10-02,Product D,509,27.41,South,44,36.47743024987314
2025-10-03,Product E,994,23.3,North,69,46.51159007370638
2025-10-04,Product E,614,182.38,South,15,22.09625522473881
2025-10-05,Product C,4209,135.49,South,78,6.83789292780636
2025-10-06,Product E,2234,166.71,East,95,26.107248215873224
2025-10-07,Product B,3695,176.4,South,67,18.092763465472878
2025-10-08,Product C,3056,116.5,East,58,19.366421293149887
2025-10-09,Product E,1660,105.9,West,32,31.445200583629656
2025-10-10,Product A,1366,88.93,East,98,36.217187549847914
2025-10-11,Product B,2269,66.8,Central,43,6.419576344784882
2025-10-12,Product B,3738,89.75,North,35,2.7439213095173427
2025-10-13,Product B,849,155.91,West,56,49.72218483160003
2025-10-14,Product C,3527,122.38,West,14,12.40368909686204
2025-10-15,Product E,4880,179.04,Central,99,3.6376957205144946
2025-10-16,Product E,2027,91.46,East,29,10.303891125700078
2025-10-17,Product A,3904,123.38,North,15,2.9089344710747467
2025-10-18,Product A,3802,128.1,East,79,20.198733836241413
2025-10-19,Product B,2456,120.38,South,68,40.31768743811489
2025-10-20,Product A,4890,142.01,East,73,17.72097803812831
2025-10-21,Product C,2435,51.3,West,27,22.76498693703996
2025-10-22,Product E,406,104.91,North,13,34.103751904804504
2025-10-23,Product B,3765,25.32,East,26,25.93580943342413
2025-10-24,Product A,2089,79.98,North,23,43.210838615044885
2025-10-25,Product C,761,100.1,North,87,43.43574807724207
2025-10-26,Product C,4744,132.18,South,22,1.4856240790665285
2025-10-27,Product A,411,190.35,South,16,39.12426901767676
2025-10-28,Product E,3020,122.13,West,53,23.57594641184202
2025-10-29,Product A,1182,150.0,Central,24,49.45318652387949
2025-10-30,Product B,3071,103.72,North,28,24.678371717896322
2025-10-31,Product A,854,128.65,Central,72,49.35790132402658
2025-11-01,Product C,4230,18.83,West,44,37.97389869908109
2025-11-02,Product A,4640,54.61,North,90,13.181639346052009
2025-11-03,Product E,452,75.56,North,44,27.381353985060926
2025-11-04,Product D,1002,97.14,Central,28,49.614646334450555
2025-11-05,Product A,3988,13.9,East,29,43.01899977984426
2025-11-06,Product E,258,32.3,South,44,5.770977795769834
2025-11-07,Product E,2077,58.98,East,41,35.61222784368981
2025-11-08,Product C,1056,194.45,Central,57,17.93339970766984
2025-11-09,Product E,2171,69.61,South,53,1.3421308321370577
2025-11-10,Product E,503,99.0,East,33,20.77056748232298
2025-11-11,Product E,4711,43.24,South,70,12.502966664523594
2025-11-12,Product E,2879,124.1,North,26,41.124594255503105
2025-11-13,Product B,1487,59.73,East,80,17.529199833442508
2025-11-14,Product B,3553,45.36,South,59,41.54866100373704
2025-11-15,Product C,1055,105.73,South,74,1.02929900290497
2025-11-16,Product A,1812,6.07,South,41,16.08313835127984
2025-11-17,Product E,4803,6.49,East,45,12.817095501080335
2025-11-18,Product A,1373,47.72,West,22,12.444800692361937
2025-11-19,Product A,3911,12.16,East,79,4.341144368507672
2025-11-20,Product C,2725,26.07,Central,67,10.169089250114585
2025-11-21,Product E,2482,71.08,East,23,28.221928924395375
2025-11-22,Product E,1541,161.5,South,46,15.27669256904948
2025-11-23,Product D,3079,116.55,North,88,21.45234433412825
2025-11-24,Product A,1897,104.97,East,77,19.466477137012237
2025-11-25,Product A,4490,62.23,East,49,43.91934132499483
2025-11-26,Product B,4109,186.69,South,68,45.359650951515256
2025-11-27,Product D,4950,82.42,North,89,25.154891611137142
2025-11-28,Product B,1494,21.98,North,25,17.177641565464615
2025-11-29,Product B,4381,125.33,Central,71,6.233234496115818
2025-11-30,Product B,1369,27.2,East,13,47.71674108972265
2025-12-01,Product C,4832,72.32,North,54,3.9511203001145754
2025-12-02,Product C,3814,103.95,North,99,15.584863600845742
2025-12-03,Product B,629,175.47,West,37,15.605243857330203
2025-12-04,Product D,3723,101.24,West,75,16.69966302087053
2025-12-05,Product A,3058,141.94,North,40,9.050055320348054
2025-12-06,Product D,3014,198.6,Central,12,39.37491011526116
2025-12-07,Product E,4989,30.64,North,17,7.002395236333472
2025-12-08,Product C,3691,58.57,South,33,32.110426298504976
2025-12-09,Product A,2247,81.94,East,24,7.068455308585055
2025-12-10,Product A,4673,87.26,Central,52,4.456246242054871
2025-12-11,Product E,3469,85.15,South,40,45.56204568060795
2025-12-12,Product E,1039,181.98,Central,82,10.316309549616578
2025-12-13,Product B,625,144.24,South,54,41.24125757342551
2025-12-14,Product C,101,123.54,East,75,27.686912684249656
2025-12-15,Product C,474,65.33,East,17,4.81496946082971
2025-12-16,Product D,2440,165.64,West,80,47.81696138046531
2025-12-17,Product B,4105,191.24,South,66,13.101097182602734
2025-12-18,Product B,3152,165.13,West,89,43.122621922277716
2025-12-19,Product B,4748,5.31,South,39,9.271690283443645
2025-12-20,Product B,2465,129.1,West,83,42.84320122495079
2025-12-21,Product C,1625,14.97,East,27,1.6482118323594053
2025-12-22,Product C,4576,55.23,Central,78,26.077242371904553
2025-12-23,Product B,1746,16.61,West,48,38.702686391656286
2025-12-24,Product D,113,122.74,South,69,46.804980357146384
2025-12-25,Product A,4699,138.89,South,52,45.55090467411787
2025-12-26,Product A,2378,27.33,East,54,41.1616186078346
2025-12-27,Product D,3255,79.85,South,32,44.5213761334039
2025-12-28,Product B,229,93.97,North,78,10.76176460601675
2025-12-29,Product C,3914,76.97,Central,15,14.92503048987471
2025-12-30,Product A,3316,28.6,West,65,15.159457721131867
2025-12-31,Product E,3038,86.69,Central,13,19.475642619083242
2026-01-01,Product E,4028,151.48,East,32,20.272712848874246
2026-01-02,Product D,2140,18.85,West,15,27.683210908079097
2026-01-03,Product B,127,20.64,West,41,8.834108404955629
2026-01-04,Product A,2213,74.18,North,27,34.871086525513476
2026-01-05,Product B,1352,188.64,East,24,9.210760425920817
2026-01-06,Product A,4456,135.37,South,49,16.20511562312283
2026-01-07,Product D,2146,137.34,North,82,25.663911399701547
2026-01-08,Product D,4655,75.57,North,83,40.02558751465039
2026-01-09,Product E,4123,120.76,Central,93,37.23399242869763
2026-01-10,Product B,4496,6.98,Central,15,32.631183464115594
2026-01-11,Product E,3474,129.04,Central,72,8.632889768428338
2026-01-12,Product B,3566,183.09,North,76,27.80522193516331
2026-01-13,Product E,3181,124.45,South,20,5.2848785881943865
2026-01-14,Product C,3878,175.37,West,52,19.490795663035886
2026-01-15,Product C,729,146.17,Central,26,21.262309984208
2026-01-16,Product C,369,28.51,South,13,2.9507605328419375
2026-01-17,Product C,2739,180.98,East,72,14.425416874028619
2026-01-18,Product A,2093,17.96,Central,77,47.82682389605798
2026-01-19,Product C,2991,109.12,West,90,47.727997783654786
2026-01-20,Product D,3532,32.72,East,50,18.264025658374425
2026-01-21,Product D,1380,7.28,East,92,3.1119053384678788
2026-01-22,Product A,2460,87.3,West,14,9.775652027080895
2026-01-23,Product C,675,62.53,Central,41,20.218671878243466
2026-01-24,Product C,1407,99.77,North,95,47.44120520049226
2026-01-25,Product C,3292,117.55,West,79,7.918754113322061
2026-01-26,Product E,3278,13.53,West,44,38.4122763397424
2026-01-27,Product B,2834,28.99,West,31,6.325444429359912
2026-01-28,Product E,2312,113.94,East,74,49.081621292172564
2026-01-29,Product B,2452,71.92,South,93,19.699208456347613
2026-01-30,Product C,3668,147.19,North,31,38.98649240605374
2026-01-31,Product C,1755,132.2,Central,20,17.78696305774546
2026-02-01,Product E,1679,169.89,Central,86,31.755774980781627
2026-02-02,Product E,2303,140.04,South,12,10.408788152261799
2026-02-03,Product B,1490,88.84,West,18,8.155029945551163
2026-02-04,Product D,1842,136.23,North,69,46.96514283883843
2026-02-05,Product B,2025,58.7,Central,85,45.96471661731724
2026-02-06,Product E,719,64.73,Central,96,44.48597807043124
2026-02-07,Product E,1374,158.85,West,23,31.64623905816308
2026-02-08,Product A,1056,92.05,South,27,40.605142349597635
2026-02-09,Product E,2039,160.68,North,82,4.382809908657371
2026-02-10,Product A,4053,165.37,South,32,17.40466305264328
2026-02-11,Product D,2481,172.22,South,83,16.371453113100657
2026-02-12,Product B,1068,183.74,North,92,32.146620775678045
2026-02-13,Product B,1416,89.04,North,56,18.441930900061386
2026-02-14,Product A,1143,67.18,Central,78,8.27683230054036
2026-02-15,Product B,381,118.53,Central,56,30.22688669526364
2026-02-16,Product E,2944,77.38,North,96,40.904812112784995
2026-02-17,Product C,1158,122.21,East,39,19.724051228538684
2026-02-18,Product A,4393,142.59,Central,34,7.481167039825603
2026-02-19,Product B,2632,139.24,East,37,10.63772166832833
2026-02-20,Product A,3928,78.04,North,34,12.636681953299815
2026-02-21,Product A,1108,37.54,Central,83,15.694982056732275
2026-02-22,Product C,1329,88.95,South,87,32.496958454809146
2026-02-23,Product E,1135,32.81,North,67,30.446328742348232
2026-02-24,Product A,4685,178.57,West,50,35.10791321678492
2026-02-25,Product B,375,72.45,East,34,18.762597242044144
2026-02-26,Product D,2840,35.12,North,87,41.37588494211894
2026-02-27,Product A,2389,9.96,North,57,11.000295396632254
2026-02-28,Product A,1339,130.94,Central,19,23.982996628389543
2026-03-01,Product C,225,129.2,Central,84,40.245997355530086
2026-03-02,Product E,4165,71.42,Central,20,9.827773738898344
2026-03-03,Product D,4412,18.98,West,94,6.383292573298364
2026-03-04,Product B,3968,84.88,Central,30,44.30051441671149
2026-03-05,Product D,1308,65.69,North,95,17.803553475200598
2026-03-06,Product B,3349,137.04,Central,54,34.50963612054257
2026-03-07,Product E,1018,123.13,South,16,2.2420816089329856
2026-03-08,Product B,4023,76.1,Central,90,34.81229753206303
2026-03-09,Product C,4503,47.49,West,73,16.488964265801556
2026-03-10,Product C,2069,197.67,South,73,3.7313018257846453
2026-03-11,Product C,2893,93.53,North,11,30.880825315857734
2026-03-12,Product C,991,139.21,North,85,12.799386987585489
2026-03-13,Product D,4570,32.41,East,51,19.95355486054212
2026-03-14,Product E,2133,99.69,South,91,4.9484598020391655
2026-03-15,Product B,1464,10.37,East,63,8.210999303652322
2026-03-16,Product B,228,103.56,South,84,15.600884539296345
2026-03-17,Product C,1114,192.98,South,25,5.398215527447699
2026-03-18,Product C,1899,79.92,West,27,45.630486969629445
2026-03-19,Product A,4712,12.6,East,68,1.2963051160149424
2026-03-20,Product E,1618,11.04,West,99,24.709150724351257
2026-03-21,Product D,4281,80.66,South,25,7.039125448495021
2026-03-22,Product B,1298,36.2,North,15,16.07627538441948
2026-03-23,Product A,3973,9.55,South,66,46.37691843109501
2026-03-24,Product A,2574,152.46,West,56,8.923033110425356
2026-03-25,Product B,3585,94.41,East,57,48.3257836661983
2026-03-26,Product D,4149,61.4,East,51,11.083924472481664
2026-03-27,Product A,3819,180.52,West,85,37.33673931487465
2026-03-28,Product A,402,27.65,East,69,27.787185979968275
2026-03-29,Product E,4052,191.4,Central,86,44.3394576522412
2026-03-30,Product D,4783,66.22,North,13,28.145669519653417
2026-03-31,Product A,1086,178.24,North,11,27.193401738659123
2026-04-01,Product D,1963,122.57,North,99,10.577442018051595
2026-04-02,Product B,4540,166.21,East,68,9.145238740531278
2026-04-03,Product C,3172,196.88,East,36,45.907968404660195
2026-04-04,Product A,3224,61.24,South,36,17.06407174365167
2026-04-05,Product E,1427,192.42,South,88,19.232030493181902
2026-04-06,Product B,2508,80.95,North,81,38.231359262991035
2026-04-07,Product D,3773,80.17,Central,16,17.60235063871756
2026-04-08,Product B,3391,71.38,South,72,47.651059885311135
2026-04-09,Product A,4133,110.57,South,55,37.15846068094122
2026-04-10,Product D,803,35.06,East,72,30.27403288609758
2026-04-11,Product C,674,112.97,Central,21,44.163862866692874
2026-04-12,Product B,3332,110.63,North,22,3.430689509124655
2026-04-13,Product A,4883,153.57,South,52,13.596071917271228
2026-04-14,Product E,2732,167.56,Central,26,23.786780376824588
2026-04-15,Product D,3928,90.89,Central,72,12.12194843410453
2026-04-16,Product B,3330,63.95,North,90,37.45135417780544
2026-04-17,Product B,588,55.57,Central,45,46.041193521632536
2026-04-18,Product C,1447,42.95,Central,94,21.764735876615248
2026-04-19,Product C,3781,16.24,Central,17,17.764497405482853
2026-04-20,Product E,3273,71.78,South,78,48.115985874740744
2026-04-21,Product E,4689,57.7,North,99,22.7977692085495
2026-04-22,Product A,1767,193.45,Central,89,24.96337162201488
2026-04-23,Product A,1737,113.75,Central,45,18.23084374475336
2026-04-24,Product E,4214,72.72,South,37,45.56787517759478
2026-04-25,Product E,3653,118.19,North,56,28.878818680810685
2026-04-26,Product D,1100,32.14,East,85,38.346554771900585
2026-04-27,Product C,950,91.59,South,39,40.77852919919343
2026-04-28,Product A,1488,127.12,North,32,17.75060305394565
2026-04-29,Product C,3812,100.34,Central,25,22.251022234698624
2026-04-30,Product C,1467,83.35,North,23,42.57511694590697
2026-05-01,Product E,921,198.8,North,83,18.7995122321147
2026-05-02,Product D,554,176.66,North,80,39.90282153914071
2026-05-03,Product B,1724,126.56,East,61,47.10862380614742
2026-05-04,Product D,2872,116.03,North,46,31.53730828033234
2026-05-05,Product D,3826,126.03,East,38,37.33973708514255
2026-05-06,Product C,3247,44.26,Central,76,40.44976829001561
2026-05-07,Product D,4189,82.05,East,24,42.406942795935485
2026-05-08,Product A,4906,12.69,Central,56,20.357613554983004
2026-05-09,Product C,2290,97.73,Central,55,3.5119094996239104
2026-05-10,Product A,1016,110.89,East,61,20.691937290600237
2026-05-11,Product B,4086,49.41,South,28,34.0140552594204
2026-05-12,Product C,2975,192.99,West,86,23.067168903258846
2026-05-13,Product B,1540,182.34,North,30,37.69919439215953
2026-05-14,Product C,4500,145.82,West,73,18.49213904396453
2026-05-15,Product E,835,109.01,North,46,32.102462914097444
2026-05-16,Product D,3668,174.64,North,36,10.134570437844754
2026-05-17,Product E,3438,30.48,Central,64,37.71910239560289
2026-05-18,Product B,3115,159.15,North,38,27.739102471838265
2026-05-19,Product D,2989,29.34,North,29,10.999155038783428
2026-05-20,Product C,1061,159.87,East,34,15.303647501392556
2026-05-21,Product D,3089,58.77,West,79,37.68182672050979
2026-05-22,Product A,3948,176.03,East,72,24.647460547414514
2026-05-23,Product D,1126,189.09,North,45,11.585540579260538
2026-05-24,Product A,3965,34.02,Central,11,48.396288328144585
2026-05-25,Product D,2963,95.22,East,31,36.041125971027505
2026-05-26,Product A,2601,196.29,East,25,47.89960679445001
2026-05-27,Product B,2047,99.26,South,27,21.92814722265682
2026-05-28,Product E,1277,173.39,North,78,24.279916693894304
2026-05-29,Product C,4860,119.8,Central,63,44.999805593065936
2026-05-30,Product D,111,78.19,East,39,26.727417672023847
2026-05-31,Product E,4499,60.73,East,54,35.65666668337769
2026-06-01,Product C,3464,44.63,Central,28,13.356470997280969
2026-06-02,Product C,3122,153.55,North,96,22.889596966429387
2026-06-03,Product A,3471,80.38,South,43,7.0490434247074
2026-06-04,Product B,2930,104.7,East,22,11.093021757971123
2026-06-05,Product B,142,101.0,South,52,1.0462273481139233
2026-06-06,Product E,1043,117.57,West,71,2.9239875307843515
2026-06-07,Product B,2490,173.79,North,31,48.886907335669534
2026-06-08,Product D,2645,196.24,West,61,12.875331061701353
2026-06-09,Product B,2511,84.48,West,61,33.5022247656961
2026-06-10,Product E,1104,166.37,West,45,42.11588524118097
2026-06-11,Product B,120,154.08,North,82,27.98236250259165
2026-06-12,Product D,506,116.84,North,28,8.504080504113853
2026-06-13,Product A,1114,191.43,Central,47,36.677705429472155
2026-06-14,Product E,4531,44.09,South,79,30.41231909487957
2026-06-15,Product A,1938,26.31,South,88,36.83127887802138
2026-06-16,Product A,3288,171.52,Central,66,38.717584519997274
2026-06-17,Product A,814,90.63,Central,29,48.79510801655251
2026-06-18,Product C,4246,170.16,West,18,29.10460072130879
2026-06-19,Product C,3954,179.15,Central,41,17.74041452183949
2026-06-20,Product A,4519,17.18,East,13,32.774763288111615
2026-06-21,Product E,4984,177.28,South,59,4.3535947528886805
2026-06-22,Product D,240,92.42,Central,91,44.97246859775773
2026-06-23,Product D,4665,104.53,East,14,6.8496695555716425
2026-06-24,Product B,4982,127.19,East,29,17.064299056405094
2026-06-25,Product E,1063,185.64,East,96,40.97152365067993
2026-06-26,Product C,472,8.73,East,84,30.26830653820488
2026-06-27,Product A,3735,97.98,West,46,20.28814049359466
2026-06-28,Product B,2641,139.11,East,31,24.19834730937605
2026-06-29,Product D,3710,145.93,West,67,42.87282226690684
2026-06-30,Product C,1792,140.04,West,77,17.660214916934716
2026-07-01,Product C,205,31.21,East,53,43.6128345557964
2026-07-02,Product A,1781,63.38,South,43,5.318587117857883
2026-07-03,Product D,4197,74.95,East,86,39.063123423222905
2026-07-04,Product E,4116,161.87,East,51,42.529834019682085
2026-07-05,Product C,2736,59.36,East,18,9.909064989029599
2026-07-06,Product A,2237,46.09,South,16,22.086980086237823
2026-07-07,Product E,3516,191.7,North,77,9.109488958519126
2026-07-08,Product D,4545,6.73,North,28,35.62360232071667
2026-07-09,Product C,3630,199.58,West,40,27.23204063502118
2026-07-10,Product E,1386,136.98,West,44,32.13084398870773
2026-07-11,Product E,3279,166.55,South,66,10.627861380854347
2026-07-12,Product E,3754,62.45,Central,94,11.375547240568556
2026-07-13,Product C,2459,7.79,North,70,3.033368949985412
2026-07-14,Product C,544,148.88,West,40,16.781309224590757
2026-07-15,Product B,135,167.66,North,92,28.427488405350072
2026-07-16,Product D,1575,149.39,South,62,43.03881078586911
2026-07-17,Product A,4057,32.86,South,41,33.67944492547535
2026-07-18,Product E,1898,151.92,Central,75,22.33441984658782
2026-07-19,Product B,1945,154.94,Central,68,47.70288560531275
2026-07-20,Product A,1508,133.42,South,19,36.24301482821576
2026-07-21,Product B,1808,154.39,West,11,46.57809494026495
2026-07-22,Product C,3038,169.95,North,75,26.85181069033612
2026-07-23,Product E,1400,124.65,East,69,13.68630946486384
2026-07-24,Product A,1343,22.28,Central,97,3.5885076318713773
2026-07-25,Product A,4076,100.09,East,26,36.578157722708674
2026-07-26,Product A,3197,20.14,West,25,6.943846902271172
2026-07-27,Product A,4716,84.47,Central,25,15.835981285326392
2026-07-28,Product A,109,84.39,East,55,27.091074486310973
2026-07-29,Product B,2525,17.87,West,48,28.656412801207637
2026-07-30,Product E,1760,73.02,North,40,30.428576652369664
2026-07-31,Product C,2731,26.64,West,97,9.146511187135332
2026-08-01,Product C,4915,162.61,Central,10,19.60713283626079
2026-08-02,Product C,1172,189.8,South,20,31.242517128731368
2026-08-03,Product C,3325,19.1,North,94,48.52112436705545
2026-08-04,Product B,1416,191.25,East,13,36.653925747284745
2026-08-05,Product D,4245,106.9,Central,80,46.207584097603934
2026-08-06,Product E,3783,63.42,South,35,38.348390857394676
2026-08-07,Product A,3373,19.99,West,59,29.99413147572762
2026-08-08,Product D,245,102.62,South,21,10.409145087680884
2026-08-09,Product C,3140,159.93,Central,90,33.66759694273314
2026-08-10,Product D,1562,142.88,Central,84,31.545598732035447
2026-08-11,Product E,4776,14.79,South,74,30.520989352406055
2026-08-12,Product A,1684,19.22,West,56,24.999507531423795
2026-08-13,Product A,582,83.56,South,62,26.904173595474504
2026-08-14,Product E,3279,62.58,Central,80,17.3876838287871
2026-08-15,Product E,1349,50.31,Central,11,26.446321939472856
2026-08-16,Product C,4868,59.8,East,33,10.680239378245433
2026-08-17,Product A,730,161.68,East,13,40.45354547065846
2026-08-18,Product D,761,186.2,North,28,10.103070780236683
2026-08-19,Product B,3603,84.0,Central,35,5.163348204583855
2026-08-20,Product B,2952,181.69,East,84,22.376055291500712
2026-08-21,Product E,2566,67.69,South,49,33.25706453579703
2026-08-22,Product C,1087,97.91,West,59,22.448124421743525
2026-08-23,Product B,1646,49.08,South,52,14.560952465614122
2026-08-24,Product A,749,129.89,West,84,28.350388010631598
2026-08-25,Product E,1068,195.9,East,76,18.003114435197798
2026-08-26,Product D,2737,122.68,North,21,46.71051681620502
2026-08-27,Product E,1200,74.77,South,76,46.20961184057503
2026-08-28,Product D,540,131.32,South,36,25.616219178632676
2026-08-29,Product E,869,28.97,South,63,17.066315706894667
2026-08-30,Product E,1443,178.29,West,75,37.11948828387531
2026-08-31,Product E,4458,103.1,East,58,2.798934230670265
2026-09-01,Product D,3829,92.62,South,25,24.263681296138913
2026-09-02,Product D,4006,119.24,South,11,17.47984631924634
2026-09-03,Product E,1677,126.83,North,69,46.10625837002518
2026-09-04,Product B,4108,19.0,North,63,1.5881483363614446
2026-09-05,Product C,3451,138.11,East,39,28.087928910199103
2026-09-06,Product C,4895,52.18,East,93,37.292515472264675
2026-09-07,Product C,2449,144.22,Central,47,24.76588138867802
2026-09-08,Product D,3702,165.39,North,37,5.184748477973361
2026-09-09,Product D,1341,161.77,Central,34,48.650608111367205
2026-09-10,Product B,1225,112.74,West,19,26.3825111374288
2026-09-11,Product C,2701,106.43,Central,69,31.095125971631557
2026-09-12,Product C,1290,32.86,South,51,12.593879352667859
2026-09-13,Product E,4231,156.19,Central,49,24.691406170233385
2026-09-14,Product D,4939,57.92,East,86,22.02832510595777
2026-09-15,Product C,4548,101.86,West,51,4.669896258097204
2026-09-16,Product B,172,60.43,South,56,6.201857323825894
2026-09-17,Product B,2014,31.1,Central,46,42.036153461319955
2026-09-18,Product C,2572,127.76,West,89,12.751177658122922
2026-09-19,Product D,3146,15.59,West,31,10.552955303432897
2026-09-20,Product B,807,150.99,South,66,25.740661111256824
2026-09-21,Product E,1904,66.93,Central,93,38.668609436763134
2026-09-22,Product B,3813,5.03,West,36,4.035379410370409
2026-09-23,Product A,2664,104.67,West,50,29.263588062274536
2026-09-24,Product A,2575,14.14,North,89,6.841311699188095
2026-09-25,Product D,3710,58.85,West,43,2.7865914904553044
2026-09-26,Product C,4355,142.86,North,41,3.584453655948652
